exam_id,url,title,question_id
21,https://www.examtopics.com/discussions/amazon/view/150663-exam-aws-certified-ai-practitioner-aif-c01-topic-1-question/,Exam AWS Certified AI Practitioner AIF-C01 topic 1 question 1 discussion,1
27,https://www.examtopics.com/discussions/amazon/view/150664-exam-aws-certified-ai-practitioner-aif-c01-topic-1-question/,Exam AWS Certified AI Practitioner AIF-C01 topic 1 question 2 discussion,2
27,https://www.examtopics.com/discussions/amazon/view/150751-exam-aws-certified-ai-practitioner-aif-c01-topic-1-question/,Exam AWS Certified AI Practitioner AIF-C01 topic 1 question 3 discussion,3
27,https://www.examtopics.com/discussions/amazon/view/150625-exam-aws-certified-ai-practitioner-aif-c01-topic-1-question/,Exam AWS Certified AI Practitioner AIF-C01 topic 1 question 4 discussion,4
26,https://www.examtopics.com/discussions/amazon/view/150691-exam-aws-certified-ai-practitioner-aif-c01-topic-1-question/,Exam AWS Certified AI Practitioner AIF-C01 topic 1 question 5 discussion,5
3,https://www.examtopics.com/discussions/amazon/view/150626-exam-aws-certified-ai-practitioner-aif-c01-topic-1-question/,Exam AWS Certified AI Practitioner AIF-C01 topic 1 question 6 discussion,6
26,https://www.examtopics.com/discussions/amazon/view/150727-exam-aws-certified-ai-practitioner-aif-c01-topic-1-question/,Exam AWS Certified AI Practitioner AIF-C01 topic 1 question 7 discussion,7
26,https://www.examtopics.com/discussions/amazon/view/150728-exam-aws-certified-ai-practitioner-aif-c01-topic-1-question/,Exam AWS Certified AI Practitioner AIF-C01 topic 1 question 8 discussion,8
26,https://www.examtopics.com/discussions/amazon/view/150687-exam-aws-certified-ai-practitioner-aif-c01-topic-1-question/,Exam AWS Certified AI Practitioner AIF-C01 topic 1 question 9 discussion,9
26,https://www.examtopics.com/discussions/amazon/view/150627-exam-aws-certified-ai-practitioner-aif-c01-topic-1-question/,Exam AWS Certified AI Practitioner AIF-C01 topic 1 question 10 discussion,10
26,https://www.examtopics.com/discussions/amazon/view/150628-exam-aws-certified-ai-practitioner-aif-c01-topic-1-question/,Exam AWS Certified AI Practitioner AIF-C01 topic 1 question 11 discussion,11
7,https://www.examtopics.com/discussions/amazon/view/150688-exam-aws-certified-ai-practitioner-aif-c01-topic-1-question/,Exam AWS Certified AI Practitioner AIF-C01 topic 1 question 12 discussion,12
19,https://www.examtopics.com/discussions/amazon/view/150689-exam-aws-certified-ai-practitioner-aif-c01-topic-1-question/,Exam AWS Certified AI Practitioner AIF-C01 topic 1 question 13 discussion,13
18,https://www.examtopics.com/discussions/amazon/view/150690-exam-aws-certified-ai-practitioner-aif-c01-topic-1-question/,Exam AWS Certified AI Practitioner AIF-C01 topic 1 question 14 discussion,14
26,https://www.examtopics.com/discussions/amazon/view/150732-exam-aws-certified-ai-practitioner-aif-c01-topic-1-question/,Exam AWS Certified AI Practitioner AIF-C01 topic 1 question 15 discussion,15
26,https://www.examtopics.com/discussions/amazon/view/150734-exam-aws-certified-ai-practitioner-aif-c01-topic-1-question/,Exam AWS Certified AI Practitioner AIF-C01 topic 1 question 16 discussion,16
26,https://www.examtopics.com/discussions/amazon/view/150630-exam-aws-certified-ai-practitioner-aif-c01-topic-1-question/,Exam AWS Certified AI Practitioner AIF-C01 topic 1 question 17 discussion,17
26,https://www.examtopics.com/discussions/amazon/view/150631-exam-aws-certified-ai-practitioner-aif-c01-topic-1-question/,Exam AWS Certified AI Practitioner AIF-C01 topic 1 question 18 discussion,18
26,https://www.examtopics.com/discussions/amazon/view/150800-exam-aws-certified-ai-practitioner-aif-c01-topic-1-question/,Exam AWS Certified AI Practitioner AIF-C01 topic 1 question 19 discussion,19
26,https://www.examtopics.com/discussions/amazon/view/150632-exam-aws-certified-ai-practitioner-aif-c01-topic-1-question/,Exam AWS Certified AI Practitioner AIF-C01 topic 1 question 20 discussion,20
26,https://www.examtopics.com/discussions/amazon/view/150801-exam-aws-certified-ai-practitioner-aif-c01-topic-1-question/,Exam AWS Certified AI Practitioner AIF-C01 topic 1 question 21 discussion,21
26,https://www.examtopics.com/discussions/amazon/view/150802-exam-aws-certified-ai-practitioner-aif-c01-topic-1-question/,Exam AWS Certified AI Practitioner AIF-C01 topic 1 question 22 discussion,22
26,https://www.examtopics.com/discussions/amazon/view/150803-exam-aws-certified-ai-practitioner-aif-c01-topic-1-question/,Exam AWS Certified AI Practitioner AIF-C01 topic 1 question 23 discussion,23
26,https://www.examtopics.com/discussions/amazon/view/150804-exam-aws-certified-ai-practitioner-aif-c01-topic-1-question/,Exam AWS Certified AI Practitioner AIF-C01 topic 1 question 24 discussion,24
26,https://www.examtopics.com/discussions/amazon/view/150805-exam-aws-certified-ai-practitioner-aif-c01-topic-1-question/,Exam AWS Certified AI Practitioner AIF-C01 topic 1 question 25 discussion,25
26,https://www.examtopics.com/discussions/amazon/view/150806-exam-aws-certified-ai-practitioner-aif-c01-topic-1-question/,Exam AWS Certified AI Practitioner AIF-C01 topic 1 question 26 discussion,26
26,https://www.examtopics.com/discussions/amazon/view/151095-exam-aws-certified-ai-practitioner-aif-c01-topic-1-question/,Exam AWS Certified AI Practitioner AIF-C01 topic 1 question 27 discussion,27
8,https://www.examtopics.com/discussions/amazon/view/150807-exam-aws-certified-ai-practitioner-aif-c01-topic-1-question/,Exam AWS Certified AI Practitioner AIF-C01 topic 1 question 28 discussion,28
26,https://www.examtopics.com/discussions/amazon/view/150808-exam-aws-certified-ai-practitioner-aif-c01-topic-1-question/,Exam AWS Certified AI Practitioner AIF-C01 topic 1 question 29 discussion,29
25,https://www.examtopics.com/discussions/amazon/view/150809-exam-aws-certified-ai-practitioner-aif-c01-topic-1-question/,Exam AWS Certified AI Practitioner AIF-C01 topic 1 question 30 discussion,30
25,https://www.examtopics.com/discussions/amazon/view/150810-exam-aws-certified-ai-practitioner-aif-c01-topic-1-question/,Exam AWS Certified AI Practitioner AIF-C01 topic 1 question 31 discussion,31
25,https://www.examtopics.com/discussions/amazon/view/150811-exam-aws-certified-ai-practitioner-aif-c01-topic-1-question/,Exam AWS Certified AI Practitioner AIF-C01 topic 1 question 32 discussion,32
18,https://www.examtopics.com/discussions/amazon/view/150812-exam-aws-certified-ai-practitioner-aif-c01-topic-1-question/,Exam AWS Certified AI Practitioner AIF-C01 topic 1 question 33 discussion,33
25,https://www.examtopics.com/discussions/amazon/view/150813-exam-aws-certified-ai-practitioner-aif-c01-topic-1-question/,Exam AWS Certified AI Practitioner AIF-C01 topic 1 question 34 discussion,34
25,https://www.examtopics.com/discussions/amazon/view/150814-exam-aws-certified-ai-practitioner-aif-c01-topic-1-question/,Exam AWS Certified AI Practitioner AIF-C01 topic 1 question 35 discussion,35
25,https://www.examtopics.com/discussions/amazon/view/151041-exam-aws-certified-ai-practitioner-aif-c01-topic-1-question/,Exam AWS Certified AI Practitioner AIF-C01 topic 1 question 36 discussion,36
25,https://www.examtopics.com/discussions/amazon/view/150816-exam-aws-certified-ai-practitioner-aif-c01-topic-1-question/,Exam AWS Certified AI Practitioner AIF-C01 topic 1 question 37 discussion,37
25,https://www.examtopics.com/discussions/amazon/view/151094-exam-aws-certified-ai-practitioner-aif-c01-topic-1-question/,Exam AWS Certified AI Practitioner AIF-C01 topic 1 question 38 discussion,38
25,https://www.examtopics.com/discussions/amazon/view/150820-exam-aws-certified-ai-practitioner-aif-c01-topic-1-question/,Exam AWS Certified AI Practitioner AIF-C01 topic 1 question 39 discussion,39
25,https://www.examtopics.com/discussions/amazon/view/150821-exam-aws-certified-ai-practitioner-aif-c01-topic-1-question/,Exam AWS Certified AI Practitioner AIF-C01 topic 1 question 40 discussion,40
25,https://www.examtopics.com/discussions/amazon/view/151042-exam-aws-certified-ai-practitioner-aif-c01-topic-1-question/,Exam AWS Certified AI Practitioner AIF-C01 topic 1 question 41 discussion,41
25,https://www.examtopics.com/discussions/amazon/view/151043-exam-aws-certified-ai-practitioner-aif-c01-topic-1-question/,Exam AWS Certified AI Practitioner AIF-C01 topic 1 question 42 discussion,42
25,https://www.examtopics.com/discussions/amazon/view/150822-exam-aws-certified-ai-practitioner-aif-c01-topic-1-question/,Exam AWS Certified AI Practitioner AIF-C01 topic 1 question 43 discussion,43
25,https://www.examtopics.com/discussions/amazon/view/151044-exam-aws-certified-ai-practitioner-aif-c01-topic-1-question/,Exam AWS Certified AI Practitioner AIF-C01 topic 1 question 44 discussion,44
25,https://www.examtopics.com/discussions/amazon/view/150924-exam-aws-certified-ai-practitioner-aif-c01-topic-1-question/,Exam AWS Certified AI Practitioner AIF-C01 topic 1 question 45 discussion,45
25,https://www.examtopics.com/discussions/amazon/view/151045-exam-aws-certified-ai-practitioner-aif-c01-topic-1-question/,Exam AWS Certified AI Practitioner AIF-C01 topic 1 question 46 discussion,46
25,https://www.examtopics.com/discussions/amazon/view/150827-exam-aws-certified-ai-practitioner-aif-c01-topic-1-question/,Exam AWS Certified AI Practitioner AIF-C01 topic 1 question 47 discussion,47
25,https://www.examtopics.com/discussions/amazon/view/151346-exam-aws-certified-ai-practitioner-aif-c01-topic-1-question/,Exam AWS Certified AI Practitioner AIF-C01 topic 1 question 48 discussion,48
18,https://www.examtopics.com/discussions/amazon/view/150828-exam-aws-certified-ai-practitioner-aif-c01-topic-1-question/,Exam AWS Certified AI Practitioner AIF-C01 topic 1 question 49 discussion,49
25,https://www.examtopics.com/discussions/amazon/view/150829-exam-aws-certified-ai-practitioner-aif-c01-topic-1-question/,Exam AWS Certified AI Practitioner AIF-C01 topic 1 question 50 discussion,50
25,https://www.examtopics.com/discussions/amazon/view/151350-exam-aws-certified-ai-practitioner-aif-c01-topic-1-question/,Exam AWS Certified AI Practitioner AIF-C01 topic 1 question 51 discussion,51
24,https://www.examtopics.com/discussions/amazon/view/151742-exam-aws-certified-ai-practitioner-aif-c01-topic-1-question/,Exam AWS Certified AI Practitioner AIF-C01 topic 1 question 52 discussion,52
24,https://www.examtopics.com/discussions/amazon/view/150830-exam-aws-certified-ai-practitioner-aif-c01-topic-1-question/,Exam AWS Certified AI Practitioner AIF-C01 topic 1 question 53 discussion,53
24,https://www.examtopics.com/discussions/amazon/view/151080-exam-aws-certified-ai-practitioner-aif-c01-topic-1-question/,Exam AWS Certified AI Practitioner AIF-C01 topic 1 question 54 discussion,54
24,https://www.examtopics.com/discussions/amazon/view/150876-exam-aws-certified-ai-practitioner-aif-c01-topic-1-question/,Exam AWS Certified AI Practitioner AIF-C01 topic 1 question 55 discussion,55
24,https://www.examtopics.com/discussions/amazon/view/151047-exam-aws-certified-ai-practitioner-aif-c01-topic-1-question/,Exam AWS Certified AI Practitioner AIF-C01 topic 1 question 56 discussion,56
21,https://www.examtopics.com/discussions/amazon/view/151142-exam-aws-certified-ai-practitioner-aif-c01-topic-1-question/,Exam AWS Certified AI Practitioner AIF-C01 topic 1 question 57 discussion,57
24,https://www.examtopics.com/discussions/amazon/view/152501-exam-aws-certified-ai-practitioner-aif-c01-topic-1-question/,Exam AWS Certified AI Practitioner AIF-C01 topic 1 question 58 discussion,58
24,https://www.examtopics.com/discussions/amazon/view/150995-exam-aws-certified-ai-practitioner-aif-c01-topic-1-question/,Exam AWS Certified AI Practitioner AIF-C01 topic 1 question 59 discussion,59
24,https://www.examtopics.com/discussions/amazon/view/150996-exam-aws-certified-ai-practitioner-aif-c01-topic-1-question/,Exam AWS Certified AI Practitioner AIF-C01 topic 1 question 60 discussion,60
24,https://www.examtopics.com/discussions/amazon/view/151144-exam-aws-certified-ai-practitioner-aif-c01-topic-1-question/,Exam AWS Certified AI Practitioner AIF-C01 topic 1 question 61 discussion,61
21,https://www.examtopics.com/discussions/amazon/view/151124-exam-aws-certified-ai-practitioner-aif-c01-topic-1-question/,Exam AWS Certified AI Practitioner AIF-C01 topic 1 question 62 discussion,62
24,https://www.examtopics.com/discussions/amazon/view/151750-exam-aws-certified-ai-practitioner-aif-c01-topic-1-question/,Exam AWS Certified AI Practitioner AIF-C01 topic 1 question 63 discussion,63
20,https://www.examtopics.com/discussions/amazon/view/151048-exam-aws-certified-ai-practitioner-aif-c01-topic-1-question/,Exam AWS Certified AI Practitioner AIF-C01 topic 1 question 64 discussion,64
24,https://www.examtopics.com/discussions/amazon/view/150997-exam-aws-certified-ai-practitioner-aif-c01-topic-1-question/,Exam AWS Certified AI Practitioner AIF-C01 topic 1 question 65 discussion,65
24,https://www.examtopics.com/discussions/amazon/view/151076-exam-aws-certified-ai-practitioner-aif-c01-topic-1-question/,Exam AWS Certified AI Practitioner AIF-C01 topic 1 question 66 discussion,66
24,https://www.examtopics.com/discussions/amazon/view/151077-exam-aws-certified-ai-practitioner-aif-c01-topic-1-question/,Exam AWS Certified AI Practitioner AIF-C01 topic 1 question 67 discussion,67
24,https://www.examtopics.com/discussions/amazon/view/151354-exam-aws-certified-ai-practitioner-aif-c01-topic-1-question/,Exam AWS Certified AI Practitioner AIF-C01 topic 1 question 68 discussion,68
24,https://www.examtopics.com/discussions/amazon/view/151078-exam-aws-certified-ai-practitioner-aif-c01-topic-1-question/,Exam AWS Certified AI Practitioner AIF-C01 topic 1 question 69 discussion,69
24,https://www.examtopics.com/discussions/amazon/view/151147-exam-aws-certified-ai-practitioner-aif-c01-topic-1-question/,Exam AWS Certified AI Practitioner AIF-C01 topic 1 question 70 discussion,70
18,https://www.examtopics.com/discussions/amazon/view/151079-exam-aws-certified-ai-practitioner-aif-c01-topic-1-question/,Exam AWS Certified AI Practitioner AIF-C01 topic 1 question 71 discussion,71
24,https://www.examtopics.com/discussions/amazon/view/150982-exam-aws-certified-ai-practitioner-aif-c01-topic-1-question/,Exam AWS Certified AI Practitioner AIF-C01 topic 1 question 72 discussion,72
24,https://www.examtopics.com/discussions/amazon/view/150983-exam-aws-certified-ai-practitioner-aif-c01-topic-1-question/,Exam AWS Certified AI Practitioner AIF-C01 topic 1 question 73 discussion,73
24,https://www.examtopics.com/discussions/amazon/view/151150-exam-aws-certified-ai-practitioner-aif-c01-topic-1-question/,Exam AWS Certified AI Practitioner AIF-C01 topic 1 question 74 discussion,74
23,https://www.examtopics.com/discussions/amazon/view/151658-exam-aws-certified-ai-practitioner-aif-c01-topic-1-question/,Exam AWS Certified AI Practitioner AIF-C01 topic 1 question 75 discussion,75
23,https://www.examtopics.com/discussions/amazon/view/151151-exam-aws-certified-ai-practitioner-aif-c01-topic-1-question/,Exam AWS Certified AI Practitioner AIF-C01 topic 1 question 76 discussion,76
23,https://www.examtopics.com/discussions/amazon/view/151856-exam-aws-certified-ai-practitioner-aif-c01-topic-1-question/,Exam AWS Certified AI Practitioner AIF-C01 topic 1 question 77 discussion,77
23,https://www.examtopics.com/discussions/amazon/view/152544-exam-aws-certified-ai-practitioner-aif-c01-topic-1-question/,Exam AWS Certified AI Practitioner AIF-C01 topic 1 question 78 discussion,78
23,https://www.examtopics.com/discussions/amazon/view/152546-exam-aws-certified-ai-practitioner-aif-c01-topic-1-question/,Exam AWS Certified AI Practitioner AIF-C01 topic 1 question 79 discussion,79
23,https://www.examtopics.com/discussions/amazon/view/151660-exam-aws-certified-ai-practitioner-aif-c01-topic-1-question/,Exam AWS Certified AI Practitioner AIF-C01 topic 1 question 80 discussion,80
23,https://www.examtopics.com/discussions/amazon/view/152545-exam-aws-certified-ai-practitioner-aif-c01-topic-1-question/,Exam AWS Certified AI Practitioner AIF-C01 topic 1 question 81 discussion,81
23,https://www.examtopics.com/discussions/amazon/view/151661-exam-aws-certified-ai-practitioner-aif-c01-topic-1-question/,Exam AWS Certified AI Practitioner AIF-C01 topic 1 question 82 discussion,82
23,https://www.examtopics.com/discussions/amazon/view/151662-exam-aws-certified-ai-practitioner-aif-c01-topic-1-question/,Exam AWS Certified AI Practitioner AIF-C01 topic 1 question 83 discussion,83
23,https://www.examtopics.com/discussions/amazon/view/152547-exam-aws-certified-ai-practitioner-aif-c01-topic-1-question/,Exam AWS Certified AI Practitioner AIF-C01 topic 1 question 84 discussion,84
23,https://www.examtopics.com/discussions/amazon/view/151663-exam-aws-certified-ai-practitioner-aif-c01-topic-1-question/,Exam AWS Certified AI Practitioner AIF-C01 topic 1 question 85 discussion,85
13,https://www.examtopics.com/discussions/amazon/view/153534-exam-aws-certified-ai-practitioner-aif-c01-topic-1-question/,Exam AWS Certified AI Practitioner AIF-C01 topic 1 question 86 discussion,86
23,https://www.examtopics.com/discussions/amazon/view/153535-exam-aws-certified-ai-practitioner-aif-c01-topic-1-question/,Exam AWS Certified AI Practitioner AIF-C01 topic 1 question 87 discussion,87
23,https://www.examtopics.com/discussions/amazon/view/153464-exam-aws-certified-ai-practitioner-aif-c01-topic-1-question/,Exam AWS Certified AI Practitioner AIF-C01 topic 1 question 88 discussion,88
23,https://www.examtopics.com/discussions/amazon/view/153465-exam-aws-certified-ai-practitioner-aif-c01-topic-1-question/,Exam AWS Certified AI Practitioner AIF-C01 topic 1 question 89 discussion,89
23,https://www.examtopics.com/discussions/amazon/view/153538-exam-aws-certified-ai-practitioner-aif-c01-topic-1-question/,Exam AWS Certified AI Practitioner AIF-C01 topic 1 question 90 discussion,90
13,https://www.examtopics.com/discussions/amazon/view/153539-exam-aws-certified-ai-practitioner-aif-c01-topic-1-question/,Exam AWS Certified AI Practitioner AIF-C01 topic 1 question 91 discussion,91
23,https://www.examtopics.com/discussions/amazon/view/153540-exam-aws-certified-ai-practitioner-aif-c01-topic-1-question/,Exam AWS Certified AI Practitioner AIF-C01 topic 1 question 92 discussion,92
23,https://www.examtopics.com/discussions/amazon/view/153541-exam-aws-certified-ai-practitioner-aif-c01-topic-1-question/,Exam AWS Certified AI Practitioner AIF-C01 topic 1 question 93 discussion,93
13,https://www.examtopics.com/discussions/amazon/view/153542-exam-aws-certified-ai-practitioner-aif-c01-topic-1-question/,Exam AWS Certified AI Practitioner AIF-C01 topic 1 question 94 discussion,94
23,https://www.examtopics.com/discussions/amazon/view/153530-exam-aws-certified-ai-practitioner-aif-c01-topic-1-question/,Exam AWS Certified AI Practitioner AIF-C01 topic 1 question 95 discussion,95
23,https://www.examtopics.com/discussions/amazon/view/153531-exam-aws-certified-ai-practitioner-aif-c01-topic-1-question/,Exam AWS Certified AI Practitioner AIF-C01 topic 1 question 96 discussion,96
20,https://www.examtopics.com/discussions/amazon/view/153489-exam-aws-certified-ai-practitioner-aif-c01-topic-1-question/,Exam AWS Certified AI Practitioner AIF-C01 topic 1 question 97 discussion,97
23,https://www.examtopics.com/discussions/amazon/view/153544-exam-aws-certified-ai-practitioner-aif-c01-topic-1-question/,Exam AWS Certified AI Practitioner AIF-C01 topic 1 question 98 discussion,98
22,https://www.examtopics.com/discussions/amazon/view/153547-exam-aws-certified-ai-practitioner-aif-c01-topic-1-question/,Exam AWS Certified AI Practitioner AIF-C01 topic 1 question 99 discussion,99
28,https://www.examtopics.com/discussions/amazon/view/153548-exam-aws-certified-ai-practitioner-aif-c01-topic-1-question/,Exam AWS Certified AI Practitioner AIF-C01 topic 1 question 100 discussion,100
28,https://www.examtopics.com/discussions/amazon/view/153549-exam-aws-certified-ai-practitioner-aif-c01-topic-1-question/,Exam AWS Certified AI Practitioner AIF-C01 topic 1 question 101 discussion,101
28,https://www.examtopics.com/discussions/amazon/view/153532-exam-aws-certified-ai-practitioner-aif-c01-topic-1-question/,Exam AWS Certified AI Practitioner AIF-C01 topic 1 question 102 discussion,102
28,https://www.examtopics.com/discussions/amazon/view/153490-exam-aws-certified-ai-practitioner-aif-c01-topic-1-question/,Exam AWS Certified AI Practitioner AIF-C01 topic 1 question 103 discussion,103
28,https://www.examtopics.com/discussions/amazon/view/153550-exam-aws-certified-ai-practitioner-aif-c01-topic-1-question/,Exam AWS Certified AI Practitioner AIF-C01 topic 1 question 104 discussion,104
28,https://www.examtopics.com/discussions/amazon/view/153552-exam-aws-certified-ai-practitioner-aif-c01-topic-1-question/,Exam AWS Certified AI Practitioner AIF-C01 topic 1 question 105 discussion,105
28,https://www.examtopics.com/discussions/amazon/view/153468-exam-aws-certified-ai-practitioner-aif-c01-topic-1-question/,Exam AWS Certified AI Practitioner AIF-C01 topic 1 question 106 discussion,106
28,https://www.examtopics.com/discussions/amazon/view/153469-exam-aws-certified-ai-practitioner-aif-c01-topic-1-question/,Exam AWS Certified AI Practitioner AIF-C01 topic 1 question 107 discussion,107
28,https://www.examtopics.com/discussions/amazon/view/153470-exam-aws-certified-ai-practitioner-aif-c01-topic-1-question/,Exam AWS Certified AI Practitioner AIF-C01 topic 1 question 108 discussion,108
28,https://www.examtopics.com/discussions/amazon/view/153472-exam-aws-certified-ai-practitioner-aif-c01-topic-1-question/,Exam AWS Certified AI Practitioner AIF-C01 topic 1 question 109 discussion,109
28,https://www.examtopics.com/discussions/amazon/view/153473-exam-aws-certified-ai-practitioner-aif-c01-topic-1-question/,Exam AWS Certified AI Practitioner AIF-C01 topic 1 question 110 discussion,110
28,https://www.examtopics.com/discussions/amazon/view/153477-exam-aws-certified-ai-practitioner-aif-c01-topic-1-question/,Exam AWS Certified AI Practitioner AIF-C01 topic 1 question 111 discussion,111
28,https://www.examtopics.com/discussions/amazon/view/153478-exam-aws-certified-ai-practitioner-aif-c01-topic-1-question/,Exam AWS Certified AI Practitioner AIF-C01 topic 1 question 112 discussion,112
28,https://www.examtopics.com/discussions/amazon/view/153515-exam-aws-certified-ai-practitioner-aif-c01-topic-1-question/,Exam AWS Certified AI Practitioner AIF-C01 topic 1 question 113 discussion,113
17,https://www.examtopics.com/discussions/amazon/view/156318-exam-aws-certified-ai-practitioner-aif-c01-topic-1-question/,Exam AWS Certified AI Practitioner AIF-C01 topic 1 question 114 discussion,114
27,https://www.examtopics.com/discussions/amazon/view/153554-exam-aws-certified-ai-practitioner-aif-c01-topic-1-question/,Exam AWS Certified AI Practitioner AIF-C01 topic 1 question 115 discussion,115
27,https://www.examtopics.com/discussions/amazon/view/153555-exam-aws-certified-ai-practitioner-aif-c01-topic-1-question/,Exam AWS Certified AI Practitioner AIF-C01 topic 1 question 116 discussion,116
27,https://www.examtopics.com/discussions/amazon/view/153516-exam-aws-certified-ai-practitioner-aif-c01-topic-1-question/,Exam AWS Certified AI Practitioner AIF-C01 topic 1 question 117 discussion,117
27,https://www.examtopics.com/discussions/amazon/view/153556-exam-aws-certified-ai-practitioner-aif-c01-topic-1-question/,Exam AWS Certified AI Practitioner AIF-C01 topic 1 question 118 discussion,118
27,https://www.examtopics.com/discussions/amazon/view/153557-exam-aws-certified-ai-practitioner-aif-c01-topic-1-question/,Exam AWS Certified AI Practitioner AIF-C01 topic 1 question 119 discussion,119
27,https://www.examtopics.com/discussions/amazon/view/153517-exam-aws-certified-ai-practitioner-aif-c01-topic-1-question/,Exam AWS Certified AI Practitioner AIF-C01 topic 1 question 120 discussion,120
27,https://www.examtopics.com/discussions/amazon/view/153558-exam-aws-certified-ai-practitioner-aif-c01-topic-1-question/,Exam AWS Certified AI Practitioner AIF-C01 topic 1 question 121 discussion,121
27,https://www.examtopics.com/discussions/amazon/view/153559-exam-aws-certified-ai-practitioner-aif-c01-topic-1-question/,Exam AWS Certified AI Practitioner AIF-C01 topic 1 question 122 discussion,122
27,https://www.examtopics.com/discussions/amazon/view/153518-exam-aws-certified-ai-practitioner-aif-c01-topic-1-question/,Exam AWS Certified AI Practitioner AIF-C01 topic 1 question 123 discussion,123
27,https://www.examtopics.com/discussions/amazon/view/153560-exam-aws-certified-ai-practitioner-aif-c01-topic-1-question/,Exam AWS Certified AI Practitioner AIF-C01 topic 1 question 124 discussion,124
21,https://www.examtopics.com/discussions/amazon/view/156319-exam-aws-certified-ai-practitioner-aif-c01-topic-1-question/,Exam AWS Certified AI Practitioner AIF-C01 topic 1 question 125 discussion,125
27,https://www.examtopics.com/discussions/amazon/view/153592-exam-aws-certified-ai-practitioner-aif-c01-topic-1-question/,Exam AWS Certified AI Practitioner AIF-C01 topic 1 question 126 discussion,126
27,https://www.examtopics.com/discussions/amazon/view/155863-exam-aws-certified-ai-practitioner-aif-c01-topic-1-question/,Exam AWS Certified AI Practitioner AIF-C01 topic 1 question 127 discussion,127
27,https://www.examtopics.com/discussions/amazon/view/155864-exam-aws-certified-ai-practitioner-aif-c01-topic-1-question/,Exam AWS Certified AI Practitioner AIF-C01 topic 1 question 128 discussion,128
27,https://www.examtopics.com/discussions/amazon/view/155866-exam-aws-certified-ai-practitioner-aif-c01-topic-1-question/,Exam AWS Certified AI Practitioner AIF-C01 topic 1 question 129 discussion,129
18,https://www.examtopics.com/discussions/amazon/view/155868-exam-aws-certified-ai-practitioner-aif-c01-topic-1-question/,Exam AWS Certified AI Practitioner AIF-C01 topic 1 question 130 discussion,130
27,https://www.examtopics.com/discussions/amazon/view/155869-exam-aws-certified-ai-practitioner-aif-c01-topic-1-question/,Exam AWS Certified AI Practitioner AIF-C01 topic 1 question 131 discussion,131
18,https://www.examtopics.com/discussions/amazon/view/155870-exam-aws-certified-ai-practitioner-aif-c01-topic-1-question/,Exam AWS Certified AI Practitioner AIF-C01 topic 1 question 132 discussion,132
17,https://www.examtopics.com/discussions/amazon/view/155871-exam-aws-certified-ai-practitioner-aif-c01-topic-1-question/,Exam AWS Certified AI Practitioner AIF-C01 topic 1 question 133 discussion,133
13,https://www.examtopics.com/discussions/amazon/view/155867-exam-aws-certified-ai-practitioner-aif-c01-topic-1-question/,Exam AWS Certified AI Practitioner AIF-C01 topic 1 question 134 discussion,134
27,https://www.examtopics.com/discussions/amazon/view/155872-exam-aws-certified-ai-practitioner-aif-c01-topic-1-question/,Exam AWS Certified AI Practitioner AIF-C01 topic 1 question 135 discussion,135
13,https://www.examtopics.com/discussions/amazon/view/155873-exam-aws-certified-ai-practitioner-aif-c01-topic-1-question/,Exam AWS Certified AI Practitioner AIF-C01 topic 1 question 136 discussion,136
22,https://www.examtopics.com/discussions/amazon/view/155936-exam-aws-certified-ai-practitioner-aif-c01-topic-1-question/,Exam AWS Certified AI Practitioner AIF-C01 topic 1 question 137 discussion,137
13,https://www.examtopics.com/discussions/amazon/view/155916-exam-aws-certified-ai-practitioner-aif-c01-topic-1-question/,Exam AWS Certified AI Practitioner AIF-C01 topic 1 question 138 discussion,138
12,https://www.examtopics.com/discussions/amazon/view/155917-exam-aws-certified-ai-practitioner-aif-c01-topic-1-question/,Exam AWS Certified AI Practitioner AIF-C01 topic 1 question 139 discussion,139
17,https://www.examtopics.com/discussions/amazon/view/155918-exam-aws-certified-ai-practitioner-aif-c01-topic-1-question/,Exam AWS Certified AI Practitioner AIF-C01 topic 1 question 140 discussion,140
27,https://www.examtopics.com/discussions/amazon/view/155919-exam-aws-certified-ai-practitioner-aif-c01-topic-1-question/,Exam AWS Certified AI Practitioner AIF-C01 topic 1 question 141 discussion,141
22,https://www.examtopics.com/discussions/amazon/view/155920-exam-aws-certified-ai-practitioner-aif-c01-topic-1-question/,Exam AWS Certified AI Practitioner AIF-C01 topic 1 question 142 discussion,142
20,https://www.examtopics.com/discussions/amazon/view/156390-exam-aws-certified-ai-practitioner-aif-c01-topic-1-question/,Exam AWS Certified AI Practitioner AIF-C01 topic 1 question 143 discussion,143